{
  "n_trades": 746,
  "total_pnl": -8554.961041482446,
  "total_return": -0.8578931406507975,
  "win_rate": 0.024128686327077747,
  "max_drawdown": 8596.015135041718
}