{
  "n_trades": 2275,
  "total_pnl": 58640.675777289645,
  "total_return": 6328.009794743165,
  "win_rate": 0.5367032967032968,
  "max_drawdown": 117633.08711717464
}