{
  "n_trades": 1898,
  "total_pnl": 33539.78639907829,
  "total_return": 4058.738496210007,
  "win_rate": 0.5316122233930453,
  "max_drawdown": 211002.97093552817
}