{
  "n_trades": 377,
  "total_pnl": 25100.88937821136,
  "total_return": 407.3720470386667,
  "win_rate": 0.5623342175066313,
  "max_drawdown": 0.0
}