{
  "n_trades": 21,
  "total_pnl": 7757.223477182116,
  "total_return": 9.684829694584668,
  "win_rate": 0.8571428571428571,
  "max_drawdown": 0.0
}