{
  "model": "RandomForestRegressor",
  "parameters": {
    "n_estimators": 100,
    "max_depth": 6,
    "validation_split": 0.2
  },
  "metrics": {
    "MAE": 0.012828146268083793,
    "RMSE": 0.018495906875860856,
    "R2": -0.11568666864566457
  },
  "timestamp": "2025-11-12"
}